<?xml version="1.0" encoding="UTF-8" standalone="yes"?>
<addon id="plugin.program.djaythemes" name=" [B][COLOR gold]Spacely Sprockets[/COLOR][/B]" version="1.1.6" provider-name="[B][COLOR gold]Djay[/COLOR][/B]">
  <requires>
    <import addon="xbmc.python" version="2.1.0"/>
  </requires>
  <extension point="xbmc.python.pluginsource" library="default.py">
        <provides>executable</provides>
  </extension>
  <extension point="xbmc.service" library="startup.py" start="startup" />
  <extension point="xbmc.addon.metadata">
    <summary lang="en">Spacely Sprockets</summary>
    <description lang="en">Install Builds</description>
    <platform>all</platform>
  </extension>
</addon>